text,label
"I love this product!",positive
"This movie is amazing.",positive
"The weather is terrible.",negative
"I'm not happy with the service.",negative
"This book is fantastic!",positive
"I dislike this software.",negative
"The concert was disappointing.",negative
"I had a great time at the party!",positive
"The food at the restaurant was delicious.",positive
"The traffic today is unbearable.",negative
"I can't wait to watch the new movie.",positive
"The customer support was excellent.",positive
"The product did not meet my expectations.",negative
"The hiking trail was breathtaking.",positive
"I regret buying this item.",negative
"The play was entertaining.",positive
"I am frustrated with the constant issues.",negative
"The beach vacation was so relaxing.",positive
"I'm upset about the recent events.",negative
"This new gadget is incredible!",positive
"The meeting was unproductive.",negative
"The museum exhibit was fascinating.",positive
"I find this feature very convenient.",positive
"The noise in the neighborhood is annoying.",negative
"I'm thrilled with the results.",positive
"The software update caused issues.",negative
"The team's performance was outstanding.",positive
"I'm dissatisfied with the quality.",negative
"The sunrise view was breathtaking.",positive
"I can't believe how poorly it was made.",negative
"The concert exceeded my expectations.",positive
"I'm disappointed in the customer service.",negative
"The vacation destination was perfect!",positive
"The traffic jam ruined my mood.",negative
"The customer experience was seamless.",positive
"I had a terrible experience with the product.",negative
"The comedy show made me laugh so hard!",positive
"The software is not user-friendly.",negative
"The hiking trip was a great adventure.",positive
"I'm frustrated with the constant delays.",negative
"The art exhibition was inspiring.",positive
"I regret spending money on this.",negative
"The musical performance was outstanding.",positive
"I'm dissatisfied with the lack of support.",negative
"The new feature is a game-changer!",positive
"The service was slow and disappointing.",negative
